Componentes Principales,NUM_SECC_RUR,LNE,Densidad_LNE,Razon_LNE_PE,TC_LNE_2019,Coef_Var_LNE,Var_Prop_LNE,Autocorr_LNE
CP1,-0.04470270692856406,-0.05110447760961706,-0.030039573176095177,-0.30173032781248155,0.4756591621539673,0.5390632307896557,0.5460395126435614,0.29739952754613314
CP2,0.2124076493640205,0.6437317706465324,0.5590728341200903,0.27766727103335237,0.18145683122128559,-0.05042081744047867,-0.030697718832239314,0.33825975274633513
CP3,-0.5781637801301241,0.2049002214521117,0.4969158516919927,-0.30666477184062024,-0.21818167010984948,0.14337066960445435,0.12170045720782954,-0.44699497232556723
CP4,0.6800520766143929,0.34540230890266466,-0.12780435875880183,-0.3757967666407165,-0.22633812114834886,0.16081618247234436,0.1334650549345503,-0.40714314883486535
CP5,0.005539024069623571,-0.011602045785341185,0.09311867136659795,-0.7656667870006166,0.1778126822427289,-0.37798160214902404,-0.3681337150512781,0.3080716189233773
CP6,-0.3892561398366102,0.6473542418044823,-0.6411184312001614,-0.008293988545793428,0.10988704633364295,-0.05865771506858315,-0.052467888299486024,0.0064606776025124876
CP7,-0.06766912078488119,0.05006010870623265,-0.05976470345708097,-0.10098497482584835,-0.7733636156659717,0.14997432851850984,0.14993340791457416,0.579725351032047
CP8,-0.0032158711209062368,0.0016576337864205163,0.00035050085643334287,0.008989975915645269,0.01434568405468342,0.7011764846432431,-0.712403846317705,0.02307523324771169
