Componentes Principales,NUM_SECC_RUR,log(LNE),log(Densidad_LNE),Razon_LNE_PE,TC_LNE_2019,Coef_Var_LNE,Autocorr_LNE
CP1,0.0371231490724234,0.07978574266949444,-0.04156100303220722,-0.2962923140465488,0.6206983012921543,0.5361375983900045,0.4796141669083129
CP2,0.49568362176590136,0.627539312669814,0.14801384795335437,0.44768068715172615,0.058305916829379544,-0.20733900786264822,0.30294721852750806
CP3,0.5332708615172875,-0.07089071799914316,-0.8100382313647783,-0.2036156543077981,-0.07785194019269646,-0.061402765535298165,-0.05607315934790151
CP4,0.33393057684538363,0.37596872532161035,0.34337485600890977,-0.5125835860856729,-0.17382620828307574,0.30610584294411114,-0.4925173349168221
CP5,-0.0209086536584148,0.027949027397598317,0.16768403877930016,-0.6306950385247013,-0.0320301545324755,-0.648762759046283,0.3885466037221138
CP6,0.5968266514286031,-0.6726596969576739,0.4173255255116637,0.09203142971724215,0.053562377224872414,0.012628411183147212,0.07528676451379342
CP7,-0.019823051405323863,-0.014087368757960392,0.004221933722453636,-0.036682201531324427,-0.7557530711181581,0.38864293434574027,0.525203911942326
